{"cameraMode":{"drawMode":0,"name":"Shaded","section":"Shading Mode"},"sceneLighting":false,"audioPlay":false,"sceneViewState":{"m_AlwaysRefresh":false,"showFog":true,"showSkybox":false,"showFlares":true,"showImageEffects":true,"showParticleSystems":true,"showVisualEffectGraphs":true,"m_FxEnabled":true},"in2DMode":false,"pivot":{"x":0.006746768951416016,"y":0.07483354210853577,"z":-0.0017271041870117188},"rotation":{"x":-0.005591411609202623,"y":0.99312824010849,"z":-0.10405992716550827,"w":-0.05338682979345322},"size":2.8311877250671388,"orthographic":false}