{"cameraMode":{"drawMode":0,"name":"Shaded","section":"Shading Mode"},"sceneLighting":true,"audioPlay":false,"sceneViewState":{"m_AlwaysRefresh":false,"showFog":true,"showSkybox":true,"showFlares":true,"showImageEffects":true,"showParticleSystems":true,"showVisualEffectGraphs":true,"m_FxEnabled":true},"in2DMode":false,"pivot":{"x":-2.0299999713897707,"y":-0.3627914488315582,"z":-20.170000076293947},"rotation":{"x":0.3379954695701599,"y":-0.032460663467645648,"z":0.011665471829473973,"w":0.9405154585838318},"size":5.612926959991455,"orthographic":false}