{"cameraMode":{"drawMode":0,"name":"Shaded","section":"Shading Mode"},"sceneLighting":true,"audioPlay":false,"sceneViewState":{"showFog":true,"showMaterialUpdate":false,"showSkybox":true,"showFlares":true,"showImageEffects":true,"showParticleSystems":true,"showVisualEffectGraphs":true,"m_FxEnabled":true},"in2DMode":false,"pivot":{"x":22.544641494750978,"y":-0.009624004364013672,"z":-1.7251639366149903},"rotation":{"x":-0.04501518979668617,"y":0.9481850862503052,"z":-0.15642453730106355,"w":-0.27286413311958315},"size":16.31807518005371,"orthographic":true}