{"cameraMode":{"drawMode":0,"name":"Shaded","section":"Shading Mode"},"sceneLighting":true,"audioPlay":false,"sceneViewState":{"m_AlwaysRefresh":false,"showFog":true,"showSkybox":true,"showFlares":true,"showImageEffects":true,"showParticleSystems":true,"showVisualEffectGraphs":true,"m_FxEnabled":true},"in2DMode":false,"pivot":{"x":0.09807205200195313,"y":3.9010777473449709,"z":-24.476350784301759},"rotation":{"x":0.06208151951432228,"y":0.9336528778076172,"z":-0.19900110363960267,"w":0.29126784205436709},"size":6.672144412994385,"orthographic":false}