{"cameraMode":{"drawMode":0,"name":"Shaded","section":"Shading Mode"},"sceneLighting":true,"audioPlay":false,"sceneViewState":{"m_AlwaysRefresh":false,"showFog":true,"showSkybox":true,"showFlares":true,"showImageEffects":true,"showParticleSystems":true,"showVisualEffectGraphs":true,"m_FxEnabled":true},"in2DMode":false,"pivot":{"x":4.090333938598633,"y":3.7877564430236818,"z":-0.2631208300590515},"rotation":{"x":0.19313175976276399,"y":-0.4972381591796875,"z":0.11459067463874817,"w":0.8380475044250488},"size":1.189292311668396,"orthographic":true}