{"cameraMode":{"drawMode":0,"name":"Shaded","section":"Shading Mode"},"sceneLighting":true,"audioPlay":false,"sceneViewState":{"m_AlwaysRefresh":false,"showFog":true,"showSkybox":true,"showFlares":true,"showImageEffects":true,"showParticleSystems":true,"showVisualEffectGraphs":true,"m_FxEnabled":true},"in2DMode":false,"pivot":{"x":-12.6981201171875,"y":12.718989372253418,"z":49.18975830078125},"rotation":{"x":0.030056726187467576,"y":0.9686766862869263,"z":-0.1472918838262558,"w":0.19766758382320405},"size":3.3795855045318605,"orthographic":false}